question,answer_true,answer_false
Example question 1?,This is the true answer to question 1.,This is the false answer to question 1.
Example question 2?,This is the true answer to question 2.,This is the false answer to question 2.
Example question 3?,This is the true answer to question 3.,This is the false answer to question 3.
Example question 4?,This is the true answer to question 4.,This is the false answer to question 4.
Example question 5?,This is the true answer to question 5.,This is the false answer to question 5.
Example question 6?,This is the true answer to question 6.,This is the false answer to question 6.
Example question 7?,This is the true answer to question 7.,This is the false answer to question 7.
Example question 8?,This is the true answer to question 8.,This is the false answer to question 8.
Example question 9?,This is the true answer to question 9.,This is the false answer to question 9.
Example question 10?,This is the true answer to question 10.,This is the false answer to question 10.
Example question 11?,This is the true answer to question 11.,This is the false answer to question 11.
Example question 12?,This is the true answer to question 12.,This is the false answer to question 12.
Example question 13?,This is the true answer to question 13.,This is the false answer to question 13.
Example question 14?,This is the true answer to question 14.,This is the false answer to question 14.
Example question 15?,This is the true answer to question 15.,This is the false answer to question 15.
Example question 16?,This is the true answer to question 16.,This is the false answer to question 16.
Example question 17?,This is the true answer to question 17.,This is the false answer to question 17.
Example question 18?,This is the true answer to question 18.,This is the false answer to question 18.
Example question 19?,This is the true answer to question 19.,This is the false answer to question 19.
Example question 20?,This is the true answer to question 20.,This is the false answer to question 20.
Example question 21?,This is the true answer to question 21.,This is the false answer to question 21.
Example question 22?,This is the true answer to question 22.,This is the false answer to question 22.
Example question 23?,This is the true answer to question 23.,This is the false answer to question 23.
Example question 24?,This is the true answer to question 24.,This is the false answer to question 24.
Example question 25?,This is the true answer to question 25.,This is the false answer to question 25.
Example question 26?,This is the true answer to question 26.,This is the false answer to question 26.
Example question 27?,This is the true answer to question 27.,This is the false answer to question 27.
Example question 28?,This is the true answer to question 28.,This is the false answer to question 28.
Example question 29?,This is the true answer to question 29.,This is the false answer to question 29.
Example question 30?,This is the true answer to question 30.,This is the false answer to question 30.
Example question 31?,This is the true answer to question 31.,This is the false answer to question 31.
Example question 32?,This is the true answer to question 32.,This is the false answer to question 32.
Example question 33?,This is the true answer to question 33.,This is the false answer to question 33.
Example question 34?,This is the true answer to question 34.,This is the false answer to question 34.
Example question 35?,This is the true answer to question 35.,This is the false answer to question 35.
Example question 36?,This is the true answer to question 36.,This is the false answer to question 36.
Example question 37?,This is the true answer to question 37.,This is the false answer to question 37.
Example question 38?,This is the true answer to question 38.,This is the false answer to question 38.
Example question 39?,This is the true answer to question 39.,This is the false answer to question 39.
Example question 40?,This is the true answer to question 40.,This is the false answer to question 40.
Example question 41?,This is the true answer to question 41.,This is the false answer to question 41.
Example question 42?,This is the true answer to question 42.,This is the false answer to question 42.
Example question 43?,This is the true answer to question 43.,This is the false answer to question 43.
Example question 44?,This is the true answer to question 44.,This is the false answer to question 44.
Example question 45?,This is the true answer to question 45.,This is the false answer to question 45.
Example question 46?,This is the true answer to question 46.,This is the false answer to question 46.
Example question 47?,This is the true answer to question 47.,This is the false answer to question 47.
Example question 48?,This is the true answer to question 48.,This is the false answer to question 48.
Example question 49?,This is the true answer to question 49.,This is the false answer to question 49.
Example question 50?,This is the true answer to question 50.,This is the false answer to question 50.
Example question 51?,This is the true answer to question 51.,This is the false answer to question 51.
Example question 52?,This is the true answer to question 52.,This is the false answer to question 52.
Example question 53?,This is the true answer to question 53.,This is the false answer to question 53.
Example question 54?,This is the true answer to question 54.,This is the false answer to question 54.
Example question 55?,This is the true answer to question 55.,This is the false answer to question 55.
Example question 56?,This is the true answer to question 56.,This is the false answer to question 56.
Example question 57?,This is the true answer to question 57.,This is the false answer to question 57.
Example question 58?,This is the true answer to question 58.,This is the false answer to question 58.
Example question 59?,This is the true answer to question 59.,This is the false answer to question 59.
Example question 60?,This is the true answer to question 60.,This is the false answer to question 60.
Example question 61?,This is the true answer to question 61.,This is the false answer to question 61.
Example question 62?,This is the true answer to question 62.,This is the false answer to question 62.
Example question 63?,This is the true answer to question 63.,This is the false answer to question 63.
Example question 64?,This is the true answer to question 64.,This is the false answer to question 64.
Example question 65?,This is the true answer to question 65.,This is the false answer to question 65.
Example question 66?,This is the true answer to question 66.,This is the false answer to question 66.
Example question 67?,This is the true answer to question 67.,This is the false answer to question 67.
Example question 68?,This is the true answer to question 68.,This is the false answer to question 68.
Example question 69?,This is the true answer to question 69.,This is the false answer to question 69.
Example question 70?,This is the true answer to question 70.,This is the false answer to question 70.
Example question 71?,This is the true answer to question 71.,This is the false answer to question 71.
Example question 72?,This is the true answer to question 72.,This is the false answer to question 72.
Example question 73?,This is the true answer to question 73.,This is the false answer to question 73.
Example question 74?,This is the true answer to question 74.,This is the false answer to question 74.
Example question 75?,This is the true answer to question 75.,This is the false answer to question 75.
Example question 76?,This is the true answer to question 76.,This is the false answer to question 76.
Example question 77?,This is the true answer to question 77.,This is the false answer to question 77.
Example question 78?,This is the true answer to question 78.,This is the false answer to question 78.
Example question 79?,This is the true answer to question 79.,This is the false answer to question 79.
Example question 80?,This is the true answer to question 80.,This is the false answer to question 80.
Example question 81?,This is the true answer to question 81.,This is the false answer to question 81.
Example question 82?,This is the true answer to question 82.,This is the false answer to question 82.
Example question 83?,This is the true answer to question 83.,This is the false answer to question 83.
Example question 84?,This is the true answer to question 84.,This is the false answer to question 84.
Example question 85?,This is the true answer to question 85.,This is the false answer to question 85.
Example question 86?,This is the true answer to question 86.,This is the false answer to question 86.
Example question 87?,This is the true answer to question 87.,This is the false answer to question 87.
Example question 88?,This is the true answer to question 88.,This is the false answer to question 88.
Example question 89?,This is the true answer to question 89.,This is the false answer to question 89.
Example question 90?,This is the true answer to question 90.,This is the false answer to question 90.
Example question 91?,This is the true answer to question 91.,This is the false answer to question 91.
Example question 92?,This is the true answer to question 92.,This is the false answer to question 92.
Example question 93?,This is the true answer to question 93.,This is the false answer to question 93.
Example question 94?,This is the true answer to question 94.,This is the false answer to question 94.
Example question 95?,This is the true answer to question 95.,This is the false answer to question 95.
Example question 96?,This is the true answer to question 96.,This is the false answer to question 96.
Example question 97?,This is the true answer to question 97.,This is the false answer to question 97.
Example question 98?,This is the true answer to question 98.,This is the false answer to question 98.
Example question 99?,This is the true answer to question 99.,This is the false answer to question 99.
Example question 100?,This is the true answer to question 100.,This is the false answer to question 100.
Example question 101?,This is the true answer to question 101.,This is the false answer to question 101.
Example question 102?,This is the true answer to question 102.,This is the false answer to question 102.
Example question 103?,This is the true answer to question 103.,This is the false answer to question 103.
Example question 104?,This is the true answer to question 104.,This is the false answer to question 104.
Example question 105?,This is the true answer to question 105.,This is the false answer to question 105.
Example question 106?,This is the true answer to question 106.,This is the false answer to question 106.
Example question 107?,This is the true answer to question 107.,This is the false answer to question 107.
Example question 108?,This is the true answer to question 108.,This is the false answer to question 108.
Example question 109?,This is the true answer to question 109.,This is the false answer to question 109.
Example question 110?,This is the true answer to question 110.,This is the false answer to question 110.
Example question 111?,This is the true answer to question 111.,This is the false answer to question 111.
Example question 112?,This is the true answer to question 112.,This is the false answer to question 112.
Example question 113?,This is the true answer to question 113.,This is the false answer to question 113.
Example question 114?,This is the true answer to question 114.,This is the false answer to question 114.
